{"cameraMode":{"drawMode":0,"name":"Shaded","section":"Shading Mode"},"sceneLighting":true,"audioPlay":false,"sceneViewState":{"m_AlwaysRefresh":false,"showFog":true,"showSkybox":true,"showFlares":true,"showImageEffects":true,"showParticleSystems":true,"showVisualEffectGraphs":true,"m_FxEnabled":true},"in2DMode":false,"pivot":{"x":23.623952865600587,"y":6.688945770263672,"z":-32.8394889831543},"rotation":{"x":0.07498633861541748,"y":-0.4219428598880768,"z":0.03493223711848259,"w":0.9029573798179627},"size":0.33680787682533266,"orthographic":false}