{"cameraMode":{"drawMode":0,"name":"Shaded","section":"Shading Mode"},"sceneLighting":true,"audioPlay":false,"sceneViewState":{"m_AlwaysRefresh":false,"showFog":true,"showSkybox":true,"showFlares":true,"showImageEffects":true,"showParticleSystems":true,"showVisualEffectGraphs":true,"m_FxEnabled":true},"in2DMode":false,"pivot":{"x":13.55278491973877,"y":4.476761817932129,"z":-21.200220108032228},"rotation":{"x":0.32293620705604555,"y":0.43459007143974306,"z":-0.17051410675048829,"w":0.8233503103256226},"size":0.21976228058338166,"orthographic":false}