{"cameraMode":{"drawMode":0,"name":"Shaded","section":"Shading Mode"},"sceneLighting":true,"audioPlay":false,"sceneViewState":{"m_AlwaysRefresh":false,"showFog":true,"showSkybox":true,"showFlares":true,"showImageEffects":true,"showParticleSystems":true,"showVisualEffectGraphs":true,"m_FxEnabled":true},"in2DMode":false,"pivot":{"x":14.082901000976563,"y":1.7246143817901612,"z":-20.5377140045166},"rotation":{"x":-0.021271277219057084,"y":-0.47912776470184328,"z":0.011766202747821808,"w":-0.877507746219635},"size":0.27027183771133425,"orthographic":false}